http://www.adevarul.ro/toate-articolele.rss	Toate Articolele
http://www.adevarul.ro/news-alert.rss	News Alert
http://www.adevarul.ro/categorii/locale-bucuresti.rss	Bucureşti
http://www.adevarul.ro/categorii/locale-timisoara.rss	Timişoara
http://www.adevarul.ro/categorii/locale-ploiesti.rss	Ploieşti
http://www.adevarul.ro/categorii/locale-baia-mare.rss	Baia Mare
http://www.adevarul.ro/categorii/locale-targu-mures.rss	Târgu-Mureş
http://www.adevarul.ro/categorii/locale-oradea.rss	Oradea
http://www.adevarul.ro/categorii/locale-cluj.rss	Cluj-Napoca
http://www.adevarul.ro/categorii/locale-suceava.rss	Suceava
http://www.adevarul.ro/categorii/locale-iasi.rss	Iaşi
http://www.adevarul.ro/categorii/locale-botosani.rss	Botoşani
http://www.adevarul.ro/categorii/locale-bacau.rss	Bacău
http://www.adevarul.ro/categorii/locale-resita.rss	Reşiţa
http://www.adevarul.ro/categorii/locale-hunedoara.rss	Hunedoara
http://www.adevarul.ro/categorii/locale-arad.rss	Arad
http://www.adevarul.ro/categorii/locale-craiova.rss	Craiova
http://www.adevarul.ro/categorii/locale-targu-jiu.rss	Târgu-Jiu
http://www.adevarul.ro/categorii/locale-brasov.rss	Braşov
http://www.adevarul.ro/categorii/locale-sibiu.rss	Sibiu
http://www.adevarul.ro/categorii/locale-constanta.rss	Constanţa
http://www.adevarul.ro/categorii/locale-bistrita.rss	Bistriţa
http://www.adevarul.ro/categorii/locale-slatina.rss	Slatina
http://www.adevarul.ro/categorii/locale-ramnicu-valcea.rss	Râmnicu-Vâlcea
http://www.adevarul.ro/categorii/locale-turnu-severin.rss	Turnu-Severin
http://www.adevarul.ro/categorii/locale-alba-iulia.rss	Alba Iulia
http://www.adevarul.ro/categorii/locale-neamt.rss	Piatra Neamţ
http://www.adevarul.ro/categorii/locale-satu-mare.rss	Satu Mare
http://www.adevarul.ro/categorii/locale-pitesti.rss	Piteşti
http://www.adevarul.ro/categorii/locale-targoviste.rss	Târgovişte
http://www.adevarul.ro/categorii/revista-presei.rss	Revista Presei
http://www.adevarul.ro/categorii/social-1.rss	Social
http://www.adevarul.ro/categorii/eveniment-3.rss	Eveniment
http://www.adevarul.ro/categorii/verde.rss	Verde
http://www.adevarul.ro/categorii/politica.rss	Politică
http://www.adevarul.ro/categorii/interviurile-2-plus-1.rss	Interviurile 2 plus 1
http://www.adevarul.ro/categorii/fotbal-international.rss	Fotbal internaţional
http://www.adevarul.ro/categorii/fotbal-romania.rss	Fotbal intern
http://www.adevarul.ro/categorii/alte-sporturi.rss	Alte sporturi
http://www.adevarul.ro/categorii/australian-open.rss	Tenis
http://www.adevarul.ro/categorii/ce-handbal.rss	Handbal feminin
http://www.adevarul.ro/categorii/cm-handbal.rss	Handbal masculin
http://www.adevarul.ro/categorii/baschet.rss	Baschet
http://www.adevarul.ro/categorii/motor-1.rss	Motor
http://www.adevarul.ro/categorii/snooker.rss	Snooker
http://www.adevarul.ro/categorii/atletism-cm2009.rss	Atletism / CM2009
http://www.adevarul.ro/categorii/media-1.rss	Media
http://www.adevarul.ro/categorii/investitii.rss	Investiţii
http://www.adevarul.ro/categorii/business-international.rss	Business extern
http://www.adevarul.ro/categorii/burse.rss	Bursă
http://www.adevarul.ro/categorii/afaceri.rss	Afaceri
http://www.adevarul.ro/categorii/media-advertising.rss	Advertising
http://www.adevarul.ro/categorii/forbes.rss	Forbes
http://www.adevarul.ro/categorii/ia-banii-europei.rss	Ia banii Europei
http://www.adevarul.ro/categorii/bursa.rss	Bursa
http://www.adevarul.ro/categorii/actualitate-5.rss	Actualitate
http://www.adevarul.ro/categorii/analiza-special.rss	Analiza / Special
http://www.adevarul.ro/categorii/stiriauto.rss	Stiri auto
http://www.adevarul.ro/categorii/profil.rss	Profil
http://www.adevarul.ro/categorii/romani-in-spania.rss	Români în Spania
http://www.adevarul.ro/categorii/romani-in-italia.rss	Români în Italia
http://www.adevarul.ro/categorii/magazin.rss	Magazin
http://www.adevarul.ro/categorii/in-jurul-lumii.rss	În jurul lumii
http://www.adevarul.ro/categorii/europa.rss	Europa
http://www.adevarul.ro/categorii/analiza-1.rss	Analiză
http://www.adevarul.ro/categorii/america.rss	America
http://www.adevarul.ro/categorii/foreign-policy.rss	FP Romania
http://www.adevarul.ro/categorii/tv-news-1.rss	TV News
http://www.adevarul.ro/categorii/viata.rss	Viaţa
http://www.adevarul.ro/categorii/vedete-1.rss	Vedete
http://www.adevarul.ro/categorii/stiinta.rss	Ştiinţă
http://www.adevarul.ro/categorii/sanatate.rss	Sănătate
http://www.adevarul.ro/categorii/cultura-2.rss	Cultura
http://www.adevarul.ro/categorii/dupa-20-de-ani.rss	Dupa 20 de ani
http://www.adevarul.ro/categorii/forbes.rss	Forbes
http://www.adevarul.ro/categorii/foreign-policy.rss	FP Romania
http://www.adevarul.ro/categorii/ghidul-absolventului.rss	Ghidul absolventului
http://www.adevarul.ro/categorii/magazin-2.rss	Magazin
http://www.adevarul.ro/categorii/volei-1.rss	Volei
http://www.adevarul.ro/categorii/tenis-2.rss	Tenis
http://www.adevarul.ro/categorii/motorsport.rss	Motorsport
http://www.adevarul.ro/categorii/handbal-2.rss	Handbal
http://www.adevarul.ro/categorii/gimnastica-1.rss	Gimnastică
http://www.adevarul.ro/categorii/eveniment-6.rss	Eveniment
http://www.adevarul.ro/categorii/baschet.rss	Baschet
http://www.adevarul.ro/categorii/atletism-1.rss	Atletism
http://www.adevarul.ro/categorii/evenimentul-saptamanii.rss	Evenimentul săptămânii
http://www.adevarul.ro/categorii/second-home.rss	Second home
http://www.adevarul.ro/categorii/proprietati.rss	Proprietăţi
http://www.adevarul.ro/categorii/pont-imobiliar.rss	Pont imobiliar
http://www.adevarul.ro/categorii/interviu-2.rss	Interviu
http://www.adevarul.ro/categorii/fata-in-fata.rss	Fata in fata
http://www.adevarul.ro/categorii/cartierul-tau.rss	Cartierul tău
http://www.adevarul.ro/categorii/bursa-preturilor.rss	Bursa preţurilor
http://www.adevarul.ro/categorii/afaceri-1.rss	Afaceri
http://www.adevarul.ro/categorii/horeca.rss	Horeca
http://www.adevarul.ro/categorii/turism-cultural.rss	Turism cultural
http://www.adevarul.ro/categorii/teatru.rss	Scena
http://www.adevarul.ro/categorii/retro.rss	Retro
http://www.adevarul.ro/categorii/muzica-1.rss	Muzică
http://www.adevarul.ro/categorii/interviu.rss	Interviu
http://www.adevarul.ro/categorii/film-1.rss	Film
http://www.adevarul.ro/categorii/carte.rss	Carte
http://www.adevarul.ro/categorii/arte-vizuale.rss	Arte vizuale
http://www.adevarul.ro/categorii/ancheta.rss	Anchetă
http://www.adevarul.ro/categorii/alimentatie-sanatoasa.rss	Alimentaţie
http://www.adevarul.ro/categorii/dosar-2.rss	Dosar
http://www.adevarul.ro/categorii/medicina-alternativa.rss	Medicina alternativă
http://www.adevarul.ro/categorii/medicina-clasica.rss	Medicina clasică
http://www.adevarul.ro/categorii/medicina-la-zi.rss	Medicina la zi
http://www.adevarul.ro/categorii/medicina-naturista.rss	Medicină naturistă
http://www.adevarul.ro/categorii/stil-de-viata.rss	Stil de viaţă
http://www.adevarul.ro/categorii/familie-1.rss	Familie
http://www.adevarul.ro/categorii/specialisti.rss	Specialişti
http://www.adevarul.ro/categorii/ghid-tv.rss	Ghid tv
http://www.adevarul.ro/categorii/viata-e-frumoasa-2.rss	Viaţa e frumoasă
http://www.adevarul.ro/categorii/telecomanda.rss	Telecomanda
http://www.adevarul.ro/categorii/sport-life.rss	Sport life
http://www.adevarul.ro/categorii/special.rss	Special
http://www.adevarul.ro/categorii/vedete.rss	Vedete
http://www.adevarul.ro/categorii/sa-traim-sanatos.rss	Să trăim sănătos
http://www.adevarul.ro/categorii/premierele-saptamanii.rss	Premiere
http://www.adevarul.ro/categorii/momentul-adevarului.rss	Momentul adevărului
http://www.adevarul.ro/categorii/adevarul-familiei-1.rss	Familie
http://www.adevarul.ro/categorii/dosar.rss	Dosar
http://www.adevarul.ro/categorii/actualitate-4.rss	Actualitate
http://www.adevarul.ro/categorii/auto-5.rss	Auto
http://www.adevarul.ro/categorii/sanatate-3.rss	Sănătate
http://www.adevarul.ro/categorii/la-masa-adevarului.rss	La masa Adevărului
