http://www.gandul.info/rss-feed.xml?3927	news
http://www.gandul.info/rss-feed.xml?3928	politica
http://www.gandul.info/rss-feed.xml?3929	international
http://www.gandul.info/rss-feed.xml?3936	financiar
http://www.gandul.info/rss-feed.xml?4237	opinii
http://www.gandul.info/rss-feed.xml?3931	reportaj
http://www.gandul.info/rss-feed.xml?3891	sanatate-food-drink
http://www.gandul.info/rss-feed.xml?3941	sport-miscare
http://www.gandul.info/rss-feed.xml?8006	life-style
http://www.gandul.info/rss-feed.xml?3939	media-advertising
http://www.gandul.info/rss-feed.xml?14206	interviurile-gandul
http://www.gandul.info/rss-feed.xml?3934	scoala
