http://www.zf.ro/rss.xml	Toate stirile
http://www.zf.ro/rss/zf-24	 ZF 24
http://www.zf.ro/rss/eveniment	 Eveniment
http://www.zf.ro/rss/burse-fonduri-mutuale	 Burse - Fonduri Mutuale
http://www.zf.ro/rss/banci-si-asigurari	 Banci si Asigurari
http://www.zf.ro/rss/companii	 Companii
http://www.zf.ro/rss/companii/constructii	 Constructii
http://www.zf.ro/rss/companii/energie	 Energie
http://www.zf.ro/rss/companii/industrie	 Industrie
http://www.zf.ro/rss/companii/bunuri-de-larg-consum	 Bunuri de larg consum
http://www.zf.ro/rss/companii/retail	 Retail
http://www.zf.ro/rss/business-hi-tech	 Business Hi-Tech
http://www.zf.ro/rss/politica	 Politica
http://www.zf.ro/rss/opinii	 Opinii
http://www.zf.ro/rss/pensii-private	 Pensii private
http://www.zf.ro/rss/marketing-media	 Marketing & Media
http://www.zf.ro/rss/proprietati	 Proprietati
http://www.zf.ro/rss/afaceri-de-la-zero	 Afaceri de la zero
http://www.zf.ro/rss/analiza	 Analiza
http://www.zf.ro/rss/finante-personale	 Finante personale
http://www.zf.ro/rss/auto	 Auto
http://www.zf.ro/rss/profesii	 Profesii
http://www.zf.ro/rss/dupa-afaceri	 Dupa Afaceria
http://www.zf.ro/rss/business-construct	 Business Construct
http://www.zf.ro/rss/ziarul-de-duminica	 Ziarul de Duminica
http://www.zf.ro/rss/business-international	 Business International
http://www.zf.ro/rss/zf-english	 ZF English
http://www.zf.ro/rss/prima-pagina	 Prima pagina
http://www.zf.ro/rss/zf-transilvania	 ZF Transilvania
http://www.zf.ro/rss/constructii-imobiliare	 Constructii & Imobiliare
http://www.zf.ro/rss/premium	 Premium
http://www.zf.ro/rss/piata-energiei	 Piata energiei
http://www.zf.ro/rss/piata-bancara	 Piata bancara
http://www.zf.ro/rss/piata-it-c	 Piata IT&C
http://www.zf.ro/rss/investitii-personale	 Investitii personale
http://www.zf.ro/rss/grecia	 Grecia
http://www.zf.ro/rss/germania	 Germania
http://www.zf.ro/rss/austria	 Austria
http://www.zf.ro/rss/franta	 Franta
http://www.zf.ro/rss/siab	 SIAB
http://www.zf.ro/rss/ue	 UE
http://www.zf.ro/rss/video/	 Video
